Gesture,avg_fps,avg_latency
Kiri,7.4446666666666665,130.14266666666668
Maju,8.298666666666668,159.45
kanan,8.065999999999999,128.019
stop,7.355,129.08466666666666
