Gesture,avg_fps,avg_latency
Kanan,18.583333333333332,54.458333333333336
Kiri,21.549666666666667,44.556000000000004
Maju,21.64466666666667,43.135666666666665
Stop,20.707666666666668,46.111666666666665
